model,n,prevalence,auroc,average_precision,brier_score,log_loss,calibration_intercept,calibration_slope
Regularised logistic regression,767,0.23076923076923078,0.720147467202911,0.4579916616059243,0.21210929709248674,0.6119846954091894,-1.1937676731426534,1.0891064591327806
HistGradientBoosting benchmark,767,0.23076923076923078,0.7116202240735421,0.47276316933929036,0.1559000496201691,0.48472575165545395,0.026149887994856107,0.9939940600150051
